rank,name,position,consensus_adp,mock_count,adp_source,last_updated,data_quality,overall_rank,sources,sources_count,adp_std
1,Bijan Robinson,RB,1.8,65,sfb15,2025-06-22 06:37:20.657175,high,1,['sfb15'],1,0.0
2,Ja’Marr Chase,WR,3.12,65,sfb15,2025-06-22 06:37:20.657235,high,2,['sfb15'],1,0.0
3,Lamar Jackson,QB,4.74,65,sfb15,2025-06-22 06:37:20.657276,high,3,['sfb15'],1,0.0
4,Josh Allen,QB,5.02,65,sfb15,2025-06-22 06:37:20.657316,high,4,['sfb15'],1,0.0
5,Saquon Barkley,RB,5.4,65,sfb15,2025-06-22 06:37:20.657356,high,5,['sfb15'],1,0.0
6,Jahmyr Gibbs,RB,5.95,65,sfb15,2025-06-22 06:37:20.657401,high,6,['sfb15'],1,0.0
7,Brock Bowers,TE,7.03,65,sfb15,2025-06-22 06:37:20.657448,high,7,['sfb15'],1,0.0
8,Jayden Daniels,QB,8.18,65,sfb15,2025-06-22 06:37:20.657489,high,8,['sfb15'],1,0.0
9,Ashton Jeanty,RB,10.34,65,sfb15,2025-06-22 06:37:20.657532,high,9,['sfb15'],1,0.0
10,Justin Jefferson,WR,10.65,65,sfb15,2025-06-22 06:37:20.657573,high,10,['sfb15'],1,0.0
11,CeeDee Lamb,WR,12.23,65,sfb15,2025-06-22 06:37:20.657614,high,11,['sfb15'],1,0.0
12,Jalen Hurts,QB,12.54,65,sfb15,2025-06-22 06:37:20.657655,high,12,['sfb15'],1,0.0
13,Trey McBride,TE,12.68,65,sfb15,2025-06-22 06:37:20.657697,high,13,['sfb15'],1,0.0
14,Joe Burrow,QB,14.85,65,sfb15,2025-06-22 06:37:20.657738,high,14,['sfb15'],1,0.0
15,Christian McCaffrey,RB,14.91,65,sfb15,2025-06-22 06:37:20.657779,high,15,['sfb15'],1,0.0
16,Malik Nabers,WR,16.2,65,sfb15,2025-06-22 06:37:20.657820,high,16,['sfb15'],1,0.0
17,Derrick Henry,RB,17.55,65,sfb15,2025-06-22 06:37:20.657861,high,17,['sfb15'],1,0.0
18,De’Von Achane,RB,17.72,65,sfb15,2025-06-22 06:37:20.657904,high,18,['sfb15'],1,0.0
19,Amon-Ra St. Brown,WR,18.58,65,sfb15,2025-06-22 06:37:20.657946,high,19,['sfb15'],1,0.0
20,Puka Nacua,WR,19.52,65,sfb15,2025-06-22 06:37:20.657987,high,20,['sfb15'],1,0.0
21,Bucky Irving,RB,23.32,65,sfb15,2025-06-22 06:37:20.658028,high,21,['sfb15'],1,0.0
22,Jonathan Taylor,RB,23.54,65,sfb15,2025-06-22 06:37:20.658069,high,22,['sfb15'],1,0.0
23,Brian Thomas,WR,23.77,65,sfb15,2025-06-22 06:37:20.658109,high,23,['sfb15'],1,0.0
24,Nico Collins,WR,24.38,65,sfb15,2025-06-22 06:37:20.658148,high,24,['sfb15'],1,0.0
25,Josh Jacobs,RB,25.26,65,sfb15,2025-06-22 06:37:20.658192,high,25,['sfb15'],1,0.0
26,Drake London,WR,27.31,65,sfb15,2025-06-22 06:37:20.658234,high,26,['sfb15'],1,0.0
27,Kyren Williams,RB,29.12,65,sfb15,2025-06-22 06:37:20.658274,high,27,['sfb15'],1,0.0
28,Patrick Mahomes,QB,30.15,65,sfb15,2025-06-22 06:37:20.658314,high,28,['sfb15'],1,0.0
29,Breece Hall,RB,30.92,65,sfb15,2025-06-22 06:37:20.658354,high,29,['sfb15'],1,0.0
30,Ladd McConkey,WR,31.2,65,sfb15,2025-06-22 06:37:20.658400,high,30,['sfb15'],1,0.0
31,Chase Brown,RB,32.11,65,sfb15,2025-06-22 06:37:20.658441,high,31,['sfb15'],1,0.0
32,A.J. Brown,WR,32.75,65,sfb15,2025-06-22 06:37:20.658479,high,32,['sfb15'],1,0.0
33,George Kittle,TE,35.51,65,sfb15,2025-06-22 06:37:20.658518,high,33,['sfb15'],1,0.0
34,Bo Nix,QB,35.54,65,sfb15,2025-06-22 06:37:20.658557,high,34,['sfb15'],1,0.0
35,Travis Hunter,WR,36.91,65,sfb15,2025-06-22 06:37:20.658595,high,35,['sfb15'],1,0.0
36,James Cook,RB,38.45,65,sfb15,2025-06-22 06:37:20.658634,high,36,['sfb15'],1,0.0
37,Alvin Kamara,RB,38.54,65,sfb15,2025-06-22 06:37:20.658672,high,37,['sfb15'],1,0.0
38,Marvin Harrison,WR,40.23,65,sfb15,2025-06-22 06:37:20.658711,high,38,['sfb15'],1,0.0
39,Garrett Wilson,WR,40.42,65,sfb15,2025-06-22 06:37:20.658750,high,39,['sfb15'],1,0.0
40,Jaxon Smith-Njigba,WR,40.68,65,sfb15,2025-06-22 06:37:20.658789,high,40,['sfb15'],1,0.0
41,Sam LaPorta,TE,42.52,65,sfb15,2025-06-22 06:37:20.658828,high,41,['sfb15'],1,0.0
42,Omarion Hampton,RB,44.03,65,sfb15,2025-06-22 06:37:20.658867,high,42,['sfb15'],1,0.0
43,Kenneth Walker,RB,44.09,65,sfb15,2025-06-22 06:37:20.658905,high,43,['sfb15'],1,0.0
44,Baker Mayfield,QB,45.14,65,sfb15,2025-06-22 06:37:20.658944,high,44,['sfb15'],1,0.0
45,Rashee Rice,WR,45.45,65,sfb15,2025-06-22 06:37:20.658982,high,45,['sfb15'],1,0.0
46,Tee Higgins,WR,45.66,65,sfb15,2025-06-22 06:37:20.659024,high,46,['sfb15'],1,0.0
47,Chuba Hubbard,RB,46.17,65,sfb15,2025-06-22 06:37:20.659063,high,47,['sfb15'],1,0.0
48,Joe Mixon,RB,49.12,65,sfb15,2025-06-22 06:37:20.659101,high,48,['sfb15'],1,0.0
49,TreVeyon Henderson,RB,51.29,65,sfb15,2025-06-22 06:37:20.659139,high,49,['sfb15'],1,0.0
50,Justin Herbert,QB,51.62,65,sfb15,2025-06-22 06:37:20.659177,high,50,['sfb15'],1,0.0
51,RJ Harvey,RB,52.34,65,sfb15,2025-06-22 06:37:20.659216,high,51,['sfb15'],1,0.0
52,Tyreek Hill,WR,52.95,65,sfb15,2025-06-22 06:37:20.659254,high,52,['sfb15'],1,0.0
53,Terry McLaurin,WR,53.37,65,sfb15,2025-06-22 06:37:20.659293,high,53,['sfb15'],1,0.0
54,Kyler Murray,QB,53.48,65,sfb15,2025-06-22 06:37:20.659333,high,54,['sfb15'],1,0.0
55,Caleb Williams,QB,54.62,65,sfb15,2025-06-22 06:37:20.659372,high,55,['sfb15'],1,0.0
56,James Conner,RB,54.66,65,sfb15,2025-06-22 06:37:20.659411,high,56,['sfb15'],1,0.0
57,Quinshon Judkins,RB,55.54,65,sfb15,2025-06-22 06:37:20.659449,high,57,['sfb15'],1,0.0
58,Drake Maye,QB,59.91,65,sfb15,2025-06-22 06:37:20.659490,high,58,['sfb15'],1,0.0
59,Mike Evans,WR,60.48,65,sfb15,2025-06-22 06:37:20.659530,high,59,['sfb15'],1,0.0
60,Justin Fields,QB,61.86,65,sfb15,2025-06-22 06:37:20.659570,high,60,['sfb15'],1,0.0
61,Davante Adams,WR,62.29,65,sfb15,2025-06-22 06:37:20.659612,high,61,['sfb15'],1,0.0
62,T.J. Hockenson,TE,62.57,65,sfb15,2025-06-22 06:37:20.659651,high,62,['sfb15'],1,0.0
63,Tetairoa McMillan,WR,63.28,65,sfb15,2025-06-22 06:37:20.659690,high,63,['sfb15'],1,0.0
64,David Montgomery,RB,64.83,65,sfb15,2025-06-22 06:37:20.659729,high,64,['sfb15'],1,0.0
65,Brock Purdy,QB,67.65,65,sfb15,2025-06-22 06:37:20.659769,high,65,['sfb15'],1,0.0
66,Kaleb Johnson,RB,67.69,65,sfb15,2025-06-22 06:37:20.659808,high,66,['sfb15'],1,0.0
67,DJ Moore,WR,68.18,65,sfb15,2025-06-22 06:37:20.659846,high,67,['sfb15'],1,0.0
68,DeVonta Smith,WR,69.31,65,sfb15,2025-06-22 06:37:20.659884,high,68,['sfb15'],1,0.0
69,Travis Kelce,TE,70.09,65,sfb15,2025-06-22 06:37:20.659922,high,69,['sfb15'],1,0.0
70,Isiah Pacheco,RB,70.12,65,sfb15,2025-06-22 06:37:20.659959,high,70,['sfb15'],1,0.0
71,DK Metcalf,WR,70.74,65,sfb15,2025-06-22 06:37:20.659997,high,71,['sfb15'],1,0.0
72,Aaron Jones,RB,71.63,65,sfb15,2025-06-22 06:37:20.660034,high,72,['sfb15'],1,0.0
73,Xavier Worthy,WR,73.28,65,sfb15,2025-06-22 06:37:20.660072,high,73,['sfb15'],1,0.0
74,D’Andre Swift,RB,73.42,65,sfb15,2025-06-22 06:37:20.660110,high,74,['sfb15'],1,0.0
75,C.J. Stroud,QB,74.45,65,sfb15,2025-06-22 06:37:20.660148,high,75,['sfb15'],1,0.0
76,Tony Pollard,RB,78.75,65,sfb15,2025-06-22 06:37:20.660185,high,76,['sfb15'],1,0.0
77,Rome Odunze,WR,80.18,65,sfb15,2025-06-22 06:37:20.660223,high,77,['sfb15'],1,0.0
78,Zay Flowers,WR,81.91,65,sfb15,2025-06-22 06:37:20.660261,high,78,['sfb15'],1,0.0
79,Dak Prescott,QB,82.17,65,sfb15,2025-06-22 06:37:20.660299,high,79,['sfb15'],1,0.0
80,Courtland Sutton,WR,82.29,65,sfb15,2025-06-22 06:37:20.660336,high,80,['sfb15'],1,0.0
81,Jared Goff,QB,82.34,65,sfb15,2025-06-22 06:37:20.660374,high,81,['sfb15'],1,0.0
82,Mark Andrews,TE,82.58,65,sfb15,2025-06-22 06:37:20.660411,high,82,['sfb15'],1,0.0
83,Tyler Warren,TE,82.58,65,sfb15,2025-06-22 06:37:20.660449,high,83,['sfb15'],1,0.0
84,George Pickens,WR,84.12,65,sfb15,2025-06-22 06:37:20.660488,high,84,['sfb15'],1,0.0
85,Jameson Williams,WR,84.95,65,sfb15,2025-06-22 06:37:20.660528,high,85,['sfb15'],1,0.0
86,Jonnu Smith,TE,85.97,65,sfb15,2025-06-22 06:37:20.660567,high,86,['sfb15'],1,0.0
87,Brian Robinson,RB,87.69,65,sfb15,2025-06-22 06:37:20.660604,high,87,['sfb15'],1,0.0
88,Chris Olave,WR,88.25,65,sfb15,2025-06-22 06:37:20.660641,high,88,['sfb15'],1,0.0
89,Evan Engram,TE,88.98,65,sfb15,2025-06-22 06:37:20.660678,high,89,['sfb15'],1,0.0
90,Travis Etienne,RB,89.4,65,sfb15,2025-06-22 06:37:20.660714,high,90,['sfb15'],1,0.0
91,Jordan Love,QB,90.08,65,sfb15,2025-06-22 06:37:20.660751,high,91,['sfb15'],1,0.0
92,Jaylen Waddle,WR,90.57,65,sfb15,2025-06-22 06:37:20.660787,high,92,['sfb15'],1,0.0
93,J.J. McCarthy,QB,90.75,65,sfb15,2025-06-22 06:37:20.660823,high,93,['sfb15'],1,0.0
94,Chris Godwin,WR,91.62,65,sfb15,2025-06-22 06:37:20.660860,high,94,['sfb15'],1,0.0
95,Trevor Lawrence,QB,94.3,65,sfb15,2025-06-22 06:37:20.660896,high,95,['sfb15'],1,0.0
96,Jerry Jeudy,WR,94.89,65,sfb15,2025-06-22 06:37:20.660932,high,96,['sfb15'],1,0.0
97,Jordan Addison,WR,96.11,65,sfb15,2025-06-22 06:37:20.660968,high,97,['sfb15'],1,0.0
98,Calvin Ridley,WR,96.78,65,sfb15,2025-06-22 06:37:20.661005,high,98,['sfb15'],1,0.0
99,Tyrone Tracy,RB,97.4,65,sfb15,2025-06-22 06:37:20.661042,high,99,['sfb15'],1,0.0
100,David Njoku,TE,101.28,65,sfb15,2025-06-22 06:37:20.661078,high,100,['sfb15'],1,0.0
101,Jaylen Warren,RB,103.35,65,sfb15,2025-06-22 06:37:20.661114,high,101,['sfb15'],1,0.0
102,Colston Loveland,TE,105.05,65,sfb15,2025-06-22 06:37:20.661150,high,102,['sfb15'],1,0.0
103,Najee Harris,RB,105.77,65,sfb15,2025-06-22 06:37:20.661186,high,103,['sfb15'],1,0.0
104,Dalton Kincaid,TE,105.97,65,sfb15,2025-06-22 06:37:20.661222,high,104,['sfb15'],1,0.0
105,Jakobi Meyers,WR,108.14,65,sfb15,2025-06-22 06:37:20.661264,high,105,['sfb15'],1,0.0
106,Cam Skattebo,RB,108.4,65,sfb15,2025-06-22 06:37:20.661301,high,106,['sfb15'],1,0.0
107,Ricky Pearsall,WR,109.22,65,sfb15,2025-06-22 06:37:20.661337,high,107,['sfb15'],1,0.0
108,Deebo Samuel,WR,109.38,65,sfb15,2025-06-22 06:37:20.661373,high,108,['sfb15'],1,0.0
109,Jauan Jennings,WR,109.97,65,sfb15,2025-06-22 06:37:20.661410,high,109,['sfb15'],1,0.0
110,Michael Penix,QB,110.66,65,sfb15,2025-06-22 06:37:20.661447,high,110,['sfb15'],1,0.0
111,Javonte Williams,RB,112.23,65,sfb15,2025-06-22 06:37:20.661485,high,111,['sfb15'],1,0.0
112,Brandon Aiyuk,WR,112.84,65,sfb15,2025-06-22 06:37:20.661522,high,112,['sfb15'],1,0.0
113,Matthew Golden,WR,113.71,65,sfb15,2025-06-22 06:37:20.661558,high,113,['sfb15'],1,0.0
114,Tucker Kraft,TE,114.48,65,sfb15,2025-06-22 06:37:20.661593,high,114,['sfb15'],1,0.0
115,Khalil Shakir,WR,115.57,65,sfb15,2025-06-22 06:37:20.661629,high,115,['sfb15'],1,0.0
116,Kyle Pitts,TE,116.52,65,sfb15,2025-06-22 06:37:20.661666,high,116,['sfb15'],1,0.0
117,Zach Charbonnet,RB,116.59,65,sfb15,2025-06-22 06:37:20.661702,high,117,['sfb15'],1,0.0
118,Cooper Kupp,WR,119.27,65,sfb15,2025-06-22 06:37:20.661738,high,118,['sfb15'],1,0.0
119,Jayden Reed,WR,119.76,65,sfb15,2025-06-22 06:37:20.661774,high,119,['sfb15'],1,0.0
120,Josh Downs,WR,120.29,65,sfb15,2025-06-22 06:37:20.661810,high,120,['sfb15'],1,0.0
121,Emeka Egbuka,WR,120.46,65,sfb15,2025-06-22 06:37:20.661847,high,121,['sfb15'],1,0.0
122,Jordan Mason,RB,120.77,65,sfb15,2025-06-22 06:37:20.661884,high,122,['sfb15'],1,0.0
123,Bryce Young,QB,121.21,65,sfb15,2025-06-22 06:37:20.661920,high,123,['sfb15'],1,0.0
124,Stefon Diggs,WR,121.46,65,sfb15,2025-06-22 06:37:20.661957,high,124,['sfb15'],1,0.0
125,Rhamondre Stevenson,RB,121.77,65,sfb15,2025-06-22 06:37:20.661993,high,125,['sfb15'],1,0.0
126,Jake Ferguson,TE,122.32,65,sfb15,2025-06-22 06:37:20.662028,high,126,['sfb15'],1,0.0
127,Cameron Ward,QB,123.05,65,sfb15,2025-06-22 06:37:20.662066,high,127,['sfb15'],1,0.0
128,Isaiah Likely,TE,128.7,65,sfb15,2025-06-22 06:37:20.662102,high,128,['sfb15'],1,0.0
129,Michael Pittman,WR,129.26,65,sfb15,2025-06-22 06:37:20.662138,high,129,['sfb15'],1,0.0
130,Pat Freiermuth,TE,129.64,65,sfb15,2025-06-22 06:37:20.662174,high,130,['sfb15'],1,0.0
131,Dallas Goedert,TE,129.66,65,sfb15,2025-06-22 06:37:20.662210,high,131,['sfb15'],1,0.0
132,Matthew Stafford,QB,130.24,65,sfb15,2025-06-22 06:37:20.662246,high,132,['sfb15'],1,0.0
133,Tyjae Spears,RB,132.81,65,sfb15,2025-06-22 06:37:20.662282,high,133,['sfb15'],1,0.0
134,Tua Tagovailoa,QB,133.86,65,sfb15,2025-06-22 06:37:20.662318,high,134,['sfb15'],1,0.0
135,Jaydon Blue,RB,134.47,65,sfb15,2025-06-22 06:37:20.662354,high,135,['sfb15'],1,0.0
136,Darnell Mooney,WR,135.08,65,sfb15,2025-06-22 06:37:20.662389,high,136,['sfb15'],1,0.0
137,Keon Coleman,WR,136.13,65,sfb15,2025-06-22 06:37:20.662427,high,137,['sfb15'],1,0.0
138,Trey Benson,RB,137.22,65,sfb15,2025-06-22 06:37:20.662462,high,138,['sfb15'],1,0.0
139,Tre Harris,WR,137.41,65,sfb15,2025-06-22 06:37:20.662498,high,139,['sfb15'],1,0.0
140,Luther Burden,WR,138.67,65,sfb15,2025-06-22 06:37:20.662533,high,140,['sfb15'],1,0.0
141,Jayden Higgins,WR,139.02,65,sfb15,2025-06-22 06:37:20.662576,high,141,['sfb15'],1,0.0
142,Rachaad White,RB,140.24,65,sfb15,2025-06-22 06:37:20.662615,high,142,['sfb15'],1,0.0
143,Bhayshul Tuten,RB,141.11,65,sfb15,2025-06-22 06:37:20.662652,high,143,['sfb15'],1,0.0
144,Geno Smith,QB,142.24,65,sfb15,2025-06-22 06:37:20.662689,high,144,['sfb15'],1,0.0
145,J.K. Dobbins,RB,142.46,65,sfb15,2025-06-22 06:37:20.662725,high,145,['sfb15'],1,0.0
146,Anthony Richardson,QB,144.02,65,sfb15,2025-06-22 06:37:20.662762,high,146,['sfb15'],1,0.0
147,Tank Bigsby,RB,144.86,65,sfb15,2025-06-22 06:37:20.662799,high,147,['sfb15'],1,0.0
148,Rashid Shaheed,WR,145.0,65,sfb15,2025-06-22 06:37:20.662837,high,148,['sfb15'],1,0.0
149,Isaac Guerendo,RB,146.17,65,sfb15,2025-06-22 06:37:20.662875,high,149,['sfb15'],1,0.0
150,Zach Ertz,TE,147.33,65,sfb15,2025-06-22 06:37:20.662912,high,150,['sfb15'],1,0.0
151,Cade Otton,TE,147.63,65,sfb15,2025-06-22 06:37:20.662948,high,151,['sfb15'],1,0.0
152,Marvin Mims,WR,148.26,65,sfb15,2025-06-22 06:37:20.662985,high,152,['sfb15'],1,0.0
153,Ray Davis,RB,148.53,65,sfb15,2025-06-22 06:37:20.663022,high,153,['sfb15'],1,0.0
154,Hunter Henry,TE,148.56,65,sfb15,2025-06-22 06:37:20.663058,high,154,['sfb15'],1,0.0
155,Sam Darnold,QB,150.25,65,sfb15,2025-06-22 06:37:20.663095,high,155,['sfb15'],1,0.0
156,Brenton Strange,TE,151.86,65,sfb15,2025-06-22 06:37:20.663132,high,156,['sfb15'],1,0.0
157,Jack Bech,WR,153.05,65,sfb15,2025-06-22 06:37:20.663168,high,157,['sfb15'],1,0.0
158,Kyle Williams,WR,153.63,65,sfb15,2025-06-22 06:37:20.663204,high,158,['sfb15'],1,0.0
159,Mason Taylor,TE,153.67,65,sfb15,2025-06-22 06:37:20.663240,high,159,['sfb15'],1,0.0
160,Austin Ekeler,RB,155.59,65,sfb15,2025-06-22 06:37:20.663277,high,160,['sfb15'],1,0.0
161,Tyler Allgeier,RB,160.56,65,sfb15,2025-06-22 06:37:20.663313,high,161,['sfb15'],1,0.0
162,Rashod Bateman,WR,161.0,65,sfb15,2025-06-22 06:37:20.663350,high,162,['sfb15'],1,0.0
163,Mike Gesicki,TE,161.15,65,sfb15,2025-06-22 06:37:20.663388,high,163,['sfb15'],1,0.0
164,Christian Kirk,WR,162.72,65,sfb15,2025-06-22 06:37:20.663424,high,164,['sfb15'],1,0.0
165,Jalen McMillan,WR,163.59,65,sfb15,2025-06-22 06:37:20.663462,high,165,['sfb15'],1,0.0
166,Wan’Dale Robinson,WR,163.91,65,sfb15,2025-06-22 06:37:20.663500,high,166,['sfb15'],1,0.0
167,Cedric Tillman,WR,164.32,65,sfb15,2025-06-22 06:37:20.663536,high,167,['sfb15'],1,0.0
168,Nick Chubb,RB,164.72,65,sfb15,2025-06-22 06:37:20.663572,high,168,['sfb15'],1,0.0
169,Rico Dowdle,RB,166.7,65,sfb15,2025-06-22 06:37:20.663608,high,169,['sfb15'],1,0.0
170,Jaylen Wright,RB,166.84,65,sfb15,2025-06-22 06:37:20.663645,high,170,['sfb15'],1,0.0
171,Braelon Allen,RB,166.89,65,sfb15,2025-06-22 06:37:20.663681,high,171,['sfb15'],1,0.0
172,Devin Neal,RB,169.17,65,sfb15,2025-06-22 06:37:20.663718,high,172,['sfb15'],1,0.0
173,Hollywood Brown,WR,169.26,65,sfb15,2025-06-22 06:37:20.663754,high,173,['sfb15'],1,0.0
174,Roschon Johnson,RB,170.16,65,sfb15,2025-06-22 06:37:20.663791,high,174,['sfb15'],1,0.0
175,Aaron Rodgers,QB,170.16,65,sfb15,2025-06-22 06:37:20.663828,high,175,['sfb15'],1,0.0
176,Daniel Jones,QB,170.26,65,sfb15,2025-06-22 06:37:20.663864,high,176,['sfb15'],1,0.0
177,Xavier Legette,WR,172.11,65,sfb15,2025-06-22 06:37:20.663900,high,177,['sfb15'],1,0.0
178,Dylan Sampson,RB,172.74,65,sfb15,2025-06-22 06:37:20.663936,high,178,['sfb15'],1,0.0
179,Dalton Schultz,TE,172.77,65,sfb15,2025-06-22 06:37:20.663972,high,179,['sfb15'],1,0.0
180,Russell Wilson,QB,175.65,65,sfb15,2025-06-22 06:37:20.664008,high,180,['sfb15'],1,0.0
181,Jerome Ford,RB,175.72,65,sfb15,2025-06-22 06:37:20.664045,high,181,['sfb15'],1,0.0
182,Chig Okonkwo,TE,176.5,65,sfb15,2025-06-22 06:37:20.664081,high,182,['sfb15'],1,0.0
183,Quentin Johnston,WR,177.13,65,sfb15,2025-06-22 06:37:20.664117,high,183,['sfb15'],1,0.0
184,Blake Corum,RB,177.53,65,sfb15,2025-06-22 06:37:20.664154,high,184,['sfb15'],1,0.0
185,KaVontae Turpin,WR,177.75,65,sfb15,2025-06-22 06:37:20.664190,high,185,['sfb15'],1,0.0
186,Terrance Ferguson,TE,179.5,65,sfb15,2025-06-22 06:37:20.664226,high,186,['sfb15'],1,0.0
187,Ja’Tavion Sanders,TE,181.26,65,sfb15,2025-06-22 06:37:20.664262,high,187,['sfb15'],1,0.0
188,Adam Thielen,WR,181.52,65,sfb15,2025-06-22 06:37:20.664299,high,188,['sfb15'],1,0.0
189,Kareem Hunt,RB,182.06,65,sfb15,2025-06-22 06:37:20.664337,high,189,['sfb15'],1,0.0
190,Pat Bryant,WR,184.91,65,sfb15,2025-06-22 06:37:20.664373,high,190,['sfb15'],1,0.0
191,Jaxson Dart,QB,185.48,65,sfb15,2025-06-22 06:37:20.664409,high,191,['sfb15'],1,0.0
192,Elijah Arroyo,TE,185.82,65,sfb15,2025-06-22 06:37:20.664446,high,192,['sfb15'],1,0.0
193,Joshua Palmer,WR,186.05,65,sfb15,2025-06-22 06:37:20.664482,high,193,['sfb15'],1,0.0
194,Justice Hill,RB,186.1,65,sfb15,2025-06-22 06:37:20.664518,high,194,['sfb15'],1,0.0
195,Tyler Shough,QB,187.0,65,sfb15,2025-06-22 06:37:20.664554,high,195,['sfb15'],1,0.0
196,Jarquez Hunter,RB,187.33,65,sfb15,2025-06-22 06:37:20.664591,high,196,['sfb15'],1,0.0
197,Ollie Gordon,RB,188.79,65,sfb15,2025-06-22 06:37:20.664627,high,197,['sfb15'],1,0.0
198,Jaylin Noel,WR,188.83,65,sfb15,2025-06-22 06:37:20.664663,high,198,['sfb15'],1,0.0
199,Cole Kmet,TE,189.71,65,sfb15,2025-06-22 06:37:20.664699,high,199,['sfb15'],1,0.0
200,DeMario Douglas,WR,190.11,65,sfb15,2025-06-22 06:37:20.664734,high,200,['sfb15'],1,0.0
201,Jordan James,RB,193.53,65,sfb15,2025-06-22 06:37:20.664770,high,201,['sfb15'],1,0.0
202,DJ Giddens,RB,194.21,65,sfb15,2025-06-22 06:37:20.664806,high,202,['sfb15'],1,0.0
203,MarShawn Lloyd,RB,195.36,65,sfb15,2025-06-22 06:37:20.664842,high,203,['sfb15'],1,0.0
204,Jalen Coker,WR,195.44,65,sfb15,2025-06-22 06:37:20.664878,high,204,['sfb15'],1,0.0
205,Brashard Smith,RB,195.54,65,sfb15,2025-06-22 06:37:20.664914,high,205,['sfb15'],1,0.0
206,Theo Johnson,TE,197.0,65,sfb15,2025-06-22 06:37:20.664950,high,206,['sfb15'],1,0.0
207,Ben Sinnott,TE,197.3,65,sfb15,2025-06-22 06:37:20.664986,high,207,['sfb15'],1,0.0
208,Jalen Milroe,QB,198.08,65,sfb15,2025-06-22 06:37:20.665023,high,208,['sfb15'],1,0.0
209,Shedeur Sanders,QB,198.71,65,sfb15,2025-06-22 06:37:20.665059,high,209,['sfb15'],1,0.0
210,DeAndre Hopkins,WR,199.15,65,sfb15,2025-06-22 06:37:20.665095,high,210,['sfb15'],1,0.0
211,Will Shipley,RB,200.54,65,sfb15,2025-06-22 06:37:20.665131,high,211,['sfb15'],1,0.0
212,Romeo Doubs,WR,201.36,65,sfb15,2025-06-22 06:37:20.665166,high,212,['sfb15'],1,0.0
213,Kenneth Gainwell,RB,202.0,65,sfb15,2025-06-22 06:37:20.665203,high,213,['sfb15'],1,0.0
214,Alec Pierce,WR,202.67,65,sfb15,2025-06-22 06:37:20.665239,high,214,['sfb15'],1,0.0
215,Malik Washington,WR,204.0,65,sfb15,2025-06-22 06:37:20.665277,high,215,['sfb15'],1,0.0
216,Roman Wilson,WR,204.15,65,sfb15,2025-06-22 06:37:20.665314,high,216,['sfb15'],1,0.0
217,Audric Estime,RB,204.92,65,sfb15,2025-06-22 06:37:20.665350,high,217,['sfb15'],1,0.0
218,Jalen Tolbert,WR,207.0,65,sfb15,2025-06-22 06:37:20.665386,high,218,['sfb15'],1,0.0
219,Keenan Allen,WR,208.8,65,sfb15,2025-06-22 06:37:20.665423,high,219,['sfb15'],1,0.0
220,Noah Gray,TE,209.6,65,sfb15,2025-06-22 06:37:20.665459,high,220,['sfb15'],1,0.0
221,Woody Marks,RB,210.33,65,sfb15,2025-06-22 06:37:20.665495,high,221,['sfb15'],1,0.0
222,Jalen Royals,WR,210.92,65,sfb15,2025-06-22 06:37:20.665531,high,222,['sfb15'],1,0.0
223,Joe Flacco,QB,211.23,65,sfb15,2025-06-22 06:37:20.665567,high,223,['sfb15'],1,0.0
224,Juwan Johnson,TE,211.92,65,sfb15,2025-06-22 06:37:20.665603,high,224,['sfb15'],1,0.0
225,Amari Cooper,WR,213.83,65,sfb15,2025-06-22 06:37:20.665639,high,225,['sfb15'],1,0.0
226,Trevor Etienne,RB,215.33,65,sfb15,2025-06-22 06:37:20.665676,high,226,['sfb15'],1,0.0
227,Dawson Knox,TE,217.0,65,sfb15,2025-06-22 06:37:20.665712,high,227,['sfb15'],1,0.0
228,Taysom Hill,TE,217.31,65,sfb15,2025-06-22 06:37:20.665748,high,228,['sfb15'],1,0.0
229,Tahj Brooks,RB,217.7,65,sfb15,2025-06-22 06:37:20.665784,high,229,['sfb15'],1,0.0
230,Sean Tucker,RB,220.6,65,sfb15,2025-06-22 06:37:20.665820,high,230,['sfb15'],1,0.0
231,Harold Fannin,TE,222.2,65,sfb15,2025-06-22 06:37:20.665856,high,231,['sfb15'],1,0.0
232,Miles Sanders,RB,222.45,65,sfb15,2025-06-22 06:37:20.665892,high,232,['sfb15'],1,0.0
233,Adonai Mitchell,WR,222.91,65,sfb15,2025-06-22 06:37:20.665929,high,233,['sfb15'],1,0.0
234,Elic Ayomanor,WR,223.45,65,sfb15,2025-06-22 06:37:20.665967,high,234,['sfb15'],1,0.0
235,Jameis Winston,QB,224.67,65,sfb15,2025-06-22 06:37:20.666003,high,235,['sfb15'],1,0.0
236,Calvin Austin,WR,224.75,65,sfb15,2025-06-22 06:37:20.666041,high,236,['sfb15'],1,0.0
237,Jaleel McLaughlin,RB,224.8,65,sfb15,2025-06-22 06:37:20.666078,high,237,['sfb15'],1,0.0
238,Michael Wilson,WR,225.08,65,sfb15,2025-06-22 06:37:20.666116,high,238,['sfb15'],1,0.0
239,Tyler Conklin,TE,225.73,65,sfb15,2025-06-22 06:37:20.666152,high,239,['sfb15'],1,0.0
240,Kirk Cousins,QB,227.55,65,sfb15,2025-06-22 06:37:20.666188,high,240,['sfb15'],1,0.0
241,Darius Slayton,WR,228.0,65,sfb15,2025-06-22 06:37:20.666226,high,241,['sfb15'],1,0.0
242,Oronde Gadsden,TE,228.36,65,sfb15,2025-06-22 06:37:20.666262,high,242,['sfb15'],1,0.0
243,Elijah Mitchell,RB,229.0,65,sfb15,2025-06-22 06:37:20.666298,high,243,['sfb15'],1,0.0
244,Kyle Monangai,RB,229.36,65,sfb15,2025-06-22 06:37:20.666334,high,244,['sfb15'],1,0.0
245,Raheem Mostert,RB,229.5,65,sfb15,2025-06-22 06:37:20.666370,high,245,['sfb15'],1,0.0
246,Spencer Rattler,QB,231.09,65,sfb15,2025-06-22 06:37:20.666406,high,246,['sfb15'],1,0.0
247,Dyami Brown,WR,231.58,65,sfb15,2025-06-22 06:37:20.666443,high,247,['sfb15'],1,0.0
248,Khalil Herbert,RB,232.0,65,sfb15,2025-06-22 06:37:20.666480,high,248,['sfb15'],1,0.0
249,Arian Smith,WR,234.0,65,sfb15,2025-06-22 06:37:20.666516,high,249,['sfb15'],1,0.0
250,Xavier Restrepo,WR,234.45,65,sfb15,2025-06-22 06:37:20.666553,high,250,['sfb15'],1,0.0
251,Tyler Higbee,TE,235.4,65,sfb15,2025-06-22 06:37:20.666589,high,251,['sfb15'],1,0.0
252,Tyler Lockett,WR,235.45,65,sfb15,2025-06-22 06:37:20.666626,high,252,['sfb15'],1,0.0
253,Jacory Croskey-Merritt,RB,236.36,65,sfb15,2025-06-22 06:37:20.666662,high,253,['sfb15'],1,0.0
254,Dontayvion Wicks,WR,237.7,65,sfb15,2025-06-22 06:37:20.666698,high,254,['sfb15'],1,0.0
255,Keaton Mitchell,RB,238.9,65,sfb15,2025-06-22 06:37:20.666735,high,255,['sfb15'],1,0.0
256,Kendre Miller,RB,239.6,65,sfb15,2025-06-22 06:37:20.666771,high,256,['sfb15'],1,0.0
257,Zack Moss,RB,239.78,65,sfb15,2025-06-22 06:37:20.666808,high,257,['sfb15'],1,0.0
258,Dont’e Thornton,WR,240.0,65,sfb15,2025-06-22 06:37:20.666848,high,258,['sfb15'],1,0.0
259,Tai Felton,WR,240.0,65,sfb15,2025-06-22 06:37:20.666885,high,259,['sfb15'],1,0.0
260,Jermaine Burton,WR,240.33,65,sfb15,2025-06-22 06:37:20.666922,high,260,['sfb15'],1,0.0
261,Emanuel Wilson,RB,240.5,65,sfb15,2025-06-22 06:37:20.666958,high,261,['sfb15'],1,0.0
262,Noah Fant,TE,241.44,65,sfb15,2025-06-22 06:37:20.666995,high,262,['sfb15'],1,0.0
263,Michael Mayer,TE,241.5,65,sfb15,2025-06-22 06:37:20.667033,high,263,['sfb15'],1,0.0
264,Andrei Iosivas,WR,241.78,65,sfb15,2025-06-22 06:37:20.667069,high,264,['sfb15'],1,0.0
265,Will Howard,QB,243.9,65,sfb15,2025-06-22 06:37:20.667105,high,265,['sfb15'],1,0.0
266,Tory Horton,WR,244.9,65,sfb15,2025-06-22 06:37:20.667141,high,266,['sfb15'],1,0.0
267,Isaac TeSlaa,WR,245.0,65,sfb15,2025-06-22 06:37:20.667178,high,267,['sfb15'],1,0.0
268,Diontae Johnson,WR,245.22,65,sfb15,2025-06-22 06:37:20.667216,high,268,['sfb15'],1,0.0
269,Jordan Whittington,WR,245.67,65,sfb15,2025-06-22 06:37:20.667253,high,269,['sfb15'],1,0.0
270,Allen Lazard,WR,246.0,65,sfb15,2025-06-22 06:37:20.667289,high,270,['sfb15'],1,0.0
271,Damien Martinez,RB,246.0,65,sfb15,2025-06-22 06:37:20.667325,high,271,['sfb15'],1,0.0
272,Devin Singletary,RB,247.5,65,sfb15,2025-06-22 06:37:20.667361,high,272,['sfb15'],1,0.0
273,Luke Musgrave,TE,249.33,65,sfb15,2025-06-22 06:37:20.667397,high,273,['sfb15'],1,0.0
274,Kayshon Boutte,WR,250.29,65,sfb15,2025-06-22 06:37:20.667432,high,274,['sfb15'],1,0.0
275,Christian Watson,WR,250.5,65,sfb15,2025-06-22 06:37:20.667469,high,275,['sfb15'],1,0.0
276,Isaiah Davis,RB,250.6,65,sfb15,2025-06-22 06:37:20.667506,high,276,['sfb15'],1,0.0
277,Ray-Ray McCloud,WR,251.5,65,sfb15,2025-06-22 06:37:20.667542,high,277,['sfb15'],1,0.0
278,A.J. Dillon,RB,253.0,65,sfb15,2025-06-22 06:37:20.667579,high,278,['sfb15'],1,0.0
279,Troy Franklin,WR,253.5,65,sfb15,2025-06-22 06:37:20.667617,high,279,['sfb15'],1,0.0
280,AJ Barner,TE,254.0,65,sfb15,2025-06-22 06:37:20.667654,high,280,['sfb15'],1,0.0
281,Quinn Ewers,QB,254.0,65,sfb15,2025-06-22 06:37:20.667690,high,281,['sfb15'],1,0.0
282,Will Dissly,TE,254.0,65,sfb15,2025-06-22 06:37:20.667727,high,282,['sfb15'],1,0.0
283,Joe Milton,QB,255.0,65,sfb15,2025-06-22 06:37:20.667762,high,283,['sfb15'],1,0.0
284,Alexander Mattison,RB,256.0,65,sfb15,2025-06-22 06:37:20.667798,high,284,['sfb15'],1,0.0
285,Elijah Moore,WR,256.25,65,sfb15,2025-06-22 06:37:20.667835,high,285,['sfb15'],1,0.0
286,Dillon Gabriel,QB,256.5,65,sfb15,2025-06-22 06:37:20.667870,high,286,['sfb15'],1,0.0
287,Luke McCaffrey,WR,257.0,65,sfb15,2025-06-22 06:37:20.667906,high,287,['sfb15'],1,0.0
288,Tutu Atwell,WR,257.0,65,sfb15,2025-06-22 06:37:20.667942,high,288,['sfb15'],1,0.0
289,Devaughn Vele,WR,258.0,65,sfb15,2025-06-22 06:37:20.667978,high,289,['sfb15'],1,0.0
290,Dameon Pierce,RB,258.33,65,sfb15,2025-06-22 06:37:20.668014,high,290,['sfb15'],1,0.0
291,Kenny Pickett,QB,258.6,65,sfb15,2025-06-22 06:37:20.668049,high,291,['sfb15'],1,0.0
292,Chimere Dike,WR,259.0,65,sfb15,2025-06-22 06:37:20.668085,high,292,['sfb15'],1,0.0
293,Lan Larison,RB,259.0,65,sfb15,2025-06-22 06:37:20.668121,high,293,['sfb15'],1,0.0
294,Savion Williams,WR,259.33,65,sfb15,2025-06-22 06:37:20.668157,high,294,['sfb15'],1,0.0
295,Mason Rudolph,QB,259.5,65,sfb15,2025-06-22 06:37:20.668193,high,295,['sfb15'],1,0.0
296,LeQuint Allen,RB,260.0,65,sfb15,2025-06-22 06:37:20.668228,high,296,['sfb15'],1,0.0
297,Marquez Valdes-Scantling,WR,260.5,65,sfb15,2025-06-22 06:37:20.668264,high,297,['sfb15'],1,0.0
298,Mike Williams,WR,262.0,65,sfb15,2025-06-22 06:37:20.668300,high,298,['sfb15'],1,0.0
299,Kalel Mullings,RB,263.0,65,sfb15,2025-06-22 06:37:20.668336,high,299,['sfb15'],1,0.0
